INSERT INTO ADDRESS
    (ID, COUNTRY, ADMINISTRATIVE_DIVISION, CITY, STREET, NUMBER, POSTAL_CODE)
    VALUES
    (0, 'UK', 'NORTHERN IRELAND', 'NEWCASTLE', 'BRYANSFORD AVENUE', '49C', 'BT33 0AX');
INSERT INTO ADDRESS
    (ID, COUNTRY, ADMINISTRATIVE_DIVISION, CITY, STREET, NUMBER, POSTAL_CODE)
    VALUES
    (1, 'ITALY', 'ABRUZZO', 'TORREBRUNA', 'VIA ISTONIA', '16', '66050');
INSERT INTO ADDRESS
    (ID, COUNTRY, ADMINISTRATIVE_DIVISION, CITY, STREET, NUMBER, POSTAL_CODE)
    VALUES
    (2, 'FRANCE', 'PAYS DE LA LOIRE', 'LE MANS', 'RUE SAINT-BERTRAND', '18', '72000');
INSERT INTO ADDRESS
    (ID, COUNTRY, ADMINISTRATIVE_DIVISION, CITY, STREET, NUMBER, POSTAL_CODE)
    VALUES
    (3, 'SPAIN', 'CATALUNA', 'TERRAGONA', 'CARRER LLEO', '36C', '43001');
INSERT INTO ADDRESS
    (ID, COUNTRY, ADMINISTRATIVE_DIVISION, CITY, STREET, NUMBER, POSTAL_CODE)
    VALUES
    (4, 'GERMANY', 'HESSEN', 'LAUTERBACH', 'LUDWIGSTRABE', '6', '35327');

INSERT INTO JOB
    (ID, NAME, SALARY)
    VALUES
    (0, 'CEO', 100000.00);
INSERT INTO JOB
    (ID, NAME, SALARY, SUPERVISOR_ID)
    VALUES
    (1, 'CMO', 50000.00, 0);
INSERT INTO JOB
    (ID, NAME, SALARY, SUPERVISOR_ID)
    VALUES
    (2, 'REGIONAL PRESIDENT', 70000.00, 0);
INSERT INTO JOB
    (ID, NAME, SALARY, SUPERVISOR_ID)
    VALUES
    (3, 'RESTAURANT MANAGER', 7000.00, 2);
INSERT INTO JOB
    (ID, NAME, SALARY, SUPERVISOR_ID)
    VALUES
    (4, 'CHEF', 3000.00, 3);
INSERT INTO JOB
    (ID, NAME, SALARY, SUPERVISOR_ID)
    VALUES
    (5, 'SOUS CHEF', 2500.00, 4);
INSERT INTO JOB
    (ID, NAME, SALARY, SUPERVISOR_ID)
    VALUES
    (6, 'WAITER', 1500.00, 4);
INSERT INTO JOB
    (ID, NAME, SALARY, SUPERVISOR_ID)
    VALUES
    (7, 'DISHWASHER', 1200.00, 4);

INSERT INTO EMPLOYEE
    (ID, JOB_ID, FIRST_NAME, SECOND_NAME, HIRE_DATE)
    VALUES
    (0, 1, 'GIANNI', 'COSSU', '2020-11-03');
INSERT INTO EMPLOYEE
    (ID, JOB_ID, FIRST_NAME, SECOND_NAME, HIRE_DATE)
    VALUES
    (1, 0, 'ANTONELLA', 'ZUCCA', '2021-01-31');
INSERT INTO EMPLOYEE
    (ID, JOB_ID, FIRST_NAME, SECOND_NAME, HIRE_DATE)
    VALUES
    (2, 2, 'MARCO', 'MONNI', '2019-05-25');
INSERT INTO EMPLOYEE
    (ID, JOB_ID, FIRST_NAME, SECOND_NAME, HIRE_DATE)
    VALUES
    (3, 3, 'TIZIANA', 'LAI', '2021-07-16');

INSERT INTO SUBSIDIARY
    (ID, NAME, ADDRESS, MANAGER)
    VALUES
    (0, 'THYME SQUARE', 0, 0);

INSERT INTO SUBSIDIARY
    (ID, NAME, ADDRESS, MANAGER)
    VALUES
    (1, 'DA PINO', 1, 1);

INSERT INTO PERFORMANCE
    (ID, EMPLOYEE_ID, EVALUATION_DATE, RATING)
    VALUES
    (0, 1, '2023-01-08', 8);

INSERT INTO PERFORMANCE
    (ID, EMPLOYEE_ID, EVALUATION_DATE, RATING)
    VALUES
    (1, 1, '2023-01-04', 9);

INSERT INTO PERFORMANCE
    (ID, EMPLOYEE_ID, EVALUATION_DATE, RATING)
    VALUES
    (2, 3, '2023-01-07', 10);

INSERT INTO PERFORMANCE
    (ID, EMPLOYEE_ID, EVALUATION_DATE, RATING)
    VALUES
    (3, 2, '2023-01-03', 6);

INSERT INTO PERFORMANCE
    (ID, EMPLOYEE_ID, EVALUATION_DATE, RATING)
    VALUES
    (4, 0, '2023-01-06', 5);

INSERT INTO PERFORMANCE
    (ID, EMPLOYEE_ID, EVALUATION_DATE, RATING)
    VALUES
    (5, 2, '2023-01-02', 7);

INSERT INTO PERFORMANCE
    (ID, EMPLOYEE_ID, EVALUATION_DATE, RATING)
    VALUES
    (6, 3, '2023-01-02', 4);

INSERT INTO PERFORMANCE
    (ID, EMPLOYEE_ID, EVALUATION_DATE, RATING)
    VALUES
    (7, 0, '2023-01-08', 10);

INSERT INTO PERFORMANCE
    (ID, EMPLOYEE_ID, EVALUATION_DATE, RATING)
    VALUES
    (8, 1, '2023-01-06', 9);

INSERT INTO PERFORMANCE
    (ID, EMPLOYEE_ID, EVALUATION_DATE, RATING)
    VALUES
    (9, 2, '2023-01-06', 1);